teacher_id,name,email,password
1,Lucas Simmons,thorntonmario@example.org,326a1940533282cb9b6c
2,Teresa Thomas,murphydonald@example.org,84398a1a51932aeac268
3,Daniel Patterson,nunezgabriela@example.com,ef1f6676d9c5de73dd6c
4,Charles King,williamcastro@example.net,5c8f8eeccb03ecb01ce5
5,Maria Holloway,jmorrow@example.net,2ee1b5570c549b6baf9f
6,Angel Moran,lelindsay@example.com,df5c9a7fc0035ae53591
7,Stephen Henderson,karinaross@example.com,fa14a2eaa9702f433ddc
8,Aaron Powell,carlos39@example.com,cdb9db944781f76881a5
9,William Fuller,ksanchez@example.org,4eaf2b01146f56025a12
10,Elizabeth Pena,rebeccalewis@example.com,e8cb488c50dadb2af2f2
